,Beta,P-Value,Significance
Growth,0.9192243214821073,6.699097048388104e-160,***
Large,0.9904012630043465,0.0,***
Momentum,0.8215006694173258,1.0595573645909753e-90,***
Quality,0.815003181042356,2.71166383180146e-128,***
Small,1.0893622435037087,1.0278208098450044e-114,***
Value,1.0853608548988276,1.1671063398136697e-178,***
LowVol,0.6959350298095277,6.439473307929945e-114,***
