,Beta,P-Value,Significance
Growth,0.9186955295371954,1.878094290639732e-159,***
Large,0.990171574305383,0.0,***
Momemtum,0.8203740341135725,1.7277895422863307e-90,***
Quality,0.8147615427071597,8.163308922395953e-128,***
Small,1.0906701872534588,8.970367185402992e-115,***
Value,1.0859201424779144,2.634205303656818e-178,***
LowVol,0.6959350298095277,6.439473307929945e-114,***
